name,description,filename,prop_one,prop_two,prop_three
Sqwid #1,Cute Sqwid number 1,sqwid-0001.png,Foo,true,45
Sqwid #2,Cute Sqwid number 2,sqwid-0002.png,Foo,true,18
Sqwid #3,Cute Sqwid number 3,sqwid-0003.png,Foo,true,96
Sqwid #4,Cute Sqwid number 4,sqwid-0004.png,Foo,true,92
Sqwid #5,Cute Sqwid number 5,sqwid-0005.png,Foo,true,50
Sqwid #6,Cute Sqwid number 6,sqwid-0006.png,Foo,true,91
Sqwid #7,Cute Sqwid number 7,sqwid-0007.png,Foo,true,46
Sqwid #8,Cute Sqwid number 8,sqwid-0008.png,Foo,true,59
Sqwid #9,Cute Sqwid number 9,sqwid-0009.png,Foo,true,55
Sqwid #10,Cute Sqwid number 10,sqwid-0010.png,Foo,true,87
Sqwid #11,Cute Sqwid number 11,sqwid-0011.png,Foo,true,91
Sqwid #12,Cute Sqwid number 12,sqwid-0012.png,Foo,true,29
Sqwid #13,Cute Sqwid number 13,sqwid-0013.png,Foo,true,3
Sqwid #14,Cute Sqwid number 14,sqwid-0014.png,Foo,true,92
Sqwid #15,Cute Sqwid number 15,sqwid-0015.png,Foo,true,82
Sqwid #16,Cute Sqwid number 16,sqwid-0016.png,Foo,true,42
Sqwid #17,Cute Sqwid number 17,sqwid-0017.png,Foo,true,56
Sqwid #18,Cute Sqwid number 18,sqwid-0018.png,Foo,true,85
Sqwid #19,Cute Sqwid number 19,sqwid-0019.png,Foo,true,40
Sqwid #20,Cute Sqwid number 20,sqwid-0020.png,Foo,true,17
Sqwid #21,Cute Sqwid number 21,sqwid-0021.png,Foo,true,22
Sqwid #22,Cute Sqwid number 22,sqwid-0022.png,Foo,true,1
Sqwid #23,Cute Sqwid number 23,sqwid-0023.png,Foo,true,21
Sqwid #24,Cute Sqwid number 24,sqwid-0024.png,Foo,true,29
Sqwid #25,Cute Sqwid number 25,sqwid-0025.png,Foo,true,26
Sqwid #26,Cute Sqwid number 26,sqwid-0026.png,Foo,true,36
Sqwid #27,Cute Sqwid number 27,sqwid-0027.png,Foo,true,1
Sqwid #28,Cute Sqwid number 28,sqwid-0028.png,Foo,true,18
Sqwid #29,Cute Sqwid number 29,sqwid-0029.png,Foo,true,70
Sqwid #30,Cute Sqwid number 30,sqwid-0030.png,Foo,true,59
Sqwid #31,Cute Sqwid number 31,sqwid-0031.png,Foo,true,46
Sqwid #32,Cute Sqwid number 32,sqwid-0032.png,Foo,true,27
Sqwid #33,Cute Sqwid number 33,sqwid-0033.png,Foo,true,9
Sqwid #34,Cute Sqwid number 34,sqwid-0034.png,Foo,true,50
Sqwid #35,Cute Sqwid number 35,sqwid-0035.png,Foo,true,2
Sqwid #36,Cute Sqwid number 36,sqwid-0036.png,Foo,true,16
Sqwid #37,Cute Sqwid number 37,sqwid-0037.png,Foo,true,2
Sqwid #38,Cute Sqwid number 38,sqwid-0038.png,Foo,true,14
Sqwid #39,Cute Sqwid number 39,sqwid-0039.png,Foo,true,53
Sqwid #40,Cute Sqwid number 40,sqwid-0040.png,Foo,true,19
Sqwid #41,Cute Sqwid number 41,sqwid-0041.png,Foo,true,22
Sqwid #42,Cute Sqwid number 42,sqwid-0042.png,Foo,true,24
Sqwid #43,Cute Sqwid number 43,sqwid-0043.png,Foo,true,25
Sqwid #44,Cute Sqwid number 44,sqwid-0044.png,Foo,true,49
Sqwid #45,Cute Sqwid number 45,sqwid-0045.png,Foo,true,25
Sqwid #46,Cute Sqwid number 46,sqwid-0046.png,Foo,true,8
Sqwid #47,Cute Sqwid number 47,sqwid-0047.png,Foo,true,33
Sqwid #48,Cute Sqwid number 48,sqwid-0048.png,Foo,true,12
Sqwid #49,Cute Sqwid number 49,sqwid-0049.png,Foo,true,33
Sqwid #50,Cute Sqwid number 50,sqwid-0050.png,Foo,true,39
Sqwid #51,Cute Sqwid number 51,sqwid-0051.png,Foo,true,9
Sqwid #52,Cute Sqwid number 52,sqwid-0052.png,Foo,true,12
Sqwid #53,Cute Sqwid number 53,sqwid-0053.png,Foo,true,1
Sqwid #54,Cute Sqwid number 54,sqwid-0054.png,Foo,true,97
Sqwid #55,Cute Sqwid number 55,sqwid-0055.png,Foo,true,84
Sqwid #56,Cute Sqwid number 56,sqwid-0056.png,Foo,true,41
Sqwid #57,Cute Sqwid number 57,sqwid-0057.png,Foo,true,52
Sqwid #58,Cute Sqwid number 58,sqwid-0058.png,Foo,true,53
Sqwid #59,Cute Sqwid number 59,sqwid-0059.png,Foo,true,14
Sqwid #60,Cute Sqwid number 60,sqwid-0060.png,Foo,true,52
Sqwid #61,Cute Sqwid number 61,sqwid-0061.png,Foo,true,28
Sqwid #62,Cute Sqwid number 62,sqwid-0062.png,Foo,true,65
Sqwid #63,Cute Sqwid number 63,sqwid-0063.png,Foo,true,6
Sqwid #64,Cute Sqwid number 64,sqwid-0064.png,Foo,true,56
Sqwid #65,Cute Sqwid number 65,sqwid-0065.png,Foo,true,99
Sqwid #66,Cute Sqwid number 66,sqwid-0066.png,Foo,true,24
Sqwid #67,Cute Sqwid number 67,sqwid-0067.png,Foo,true,76
Sqwid #68,Cute Sqwid number 68,sqwid-0068.png,Foo,true,78
Sqwid #69,Cute Sqwid number 69,sqwid-0069.png,Foo,true,47
Sqwid #70,Cute Sqwid number 70,sqwid-0070.png,Foo,true,36
Sqwid #71,Cute Sqwid number 71,sqwid-0071.png,Foo,true,16
Sqwid #72,Cute Sqwid number 72,sqwid-0072.png,Foo,true,28
Sqwid #73,Cute Sqwid number 73,sqwid-0073.png,Foo,true,49
Sqwid #74,Cute Sqwid number 74,sqwid-0074.png,Foo,true,40
Sqwid #75,Cute Sqwid number 75,sqwid-0075.png,Foo,true,20
Sqwid #76,Cute Sqwid number 76,sqwid-0076.png,Foo,true,4
Sqwid #77,Cute Sqwid number 77,sqwid-0077.png,Foo,true,70
Sqwid #78,Cute Sqwid number 78,sqwid-0078.png,Foo,true,69
Sqwid #79,Cute Sqwid number 79,sqwid-0079.png,Foo,true,59
Sqwid #80,Cute Sqwid number 80,sqwid-0080.png,Foo,true,58
Sqwid #81,Cute Sqwid number 81,sqwid-0081.png,Foo,true,1
Sqwid #82,Cute Sqwid number 82,sqwid-0082.png,Foo,true,39
Sqwid #83,Cute Sqwid number 83,sqwid-0083.png,Foo,true,93
Sqwid #84,Cute Sqwid number 84,sqwid-0084.png,Foo,true,24
Sqwid #85,Cute Sqwid number 85,sqwid-0085.png,Foo,true,56
Sqwid #86,Cute Sqwid number 86,sqwid-0086.png,Foo,true,3
Sqwid #87,Cute Sqwid number 87,sqwid-0087.png,Foo,true,85
Sqwid #88,Cute Sqwid number 88,sqwid-0088.png,Foo,true,5
Sqwid #89,Cute Sqwid number 89,sqwid-0089.png,Foo,true,43
Sqwid #90,Cute Sqwid number 90,sqwid-0090.png,Foo,true,31
Sqwid #91,Cute Sqwid number 91,sqwid-0091.png,Foo,true,44
Sqwid #92,Cute Sqwid number 92,sqwid-0092.png,Foo,true,31
Sqwid #93,Cute Sqwid number 93,sqwid-0093.png,Foo,true,23
Sqwid #94,Cute Sqwid number 94,sqwid-0094.png,Foo,true,79
Sqwid #95,Cute Sqwid number 95,sqwid-0095.png,Foo,true,50
Sqwid #96,Cute Sqwid number 96,sqwid-0096.png,Foo,true,16
Sqwid #97,Cute Sqwid number 97,sqwid-0097.png,Foo,true,92
Sqwid #98,Cute Sqwid number 98,sqwid-0098.png,Foo,true,30
Sqwid #99,Cute Sqwid number 99,sqwid-0099.png,Foo,true,23
